win,lose,probability
Cleveland Cavaliers,New York Knicks,0.9221300874314001
Golden State Warriors,San Antonio Spurs,0.7396573899823395
Portland Trail Blazers,Utah Jazz,0.6304567569006218
Boston Celtics,Brooklyn Nets,0.8768188151602236
Indiana Pacers,Dallas Mavericks,0.6622070407462385
Houston Rockets,Los Angeles Lakers,0.846460308277354
Memphis Grizzlies,Minnesota Timberwolves,0.5612626060090609
Charlotte Hornets,Milwaukee Bucks,0.7308720558624308
Denver Nuggets,New Orleans Pelicans,0.5819770409262589
Miami Heat,Orlando Magic,0.6357834732283004
Oklahoma City Thunder,Philadelphia 76ers,0.967140174379168
Sacramento Kings,Phoenix Suns,0.6946416956604353
Toronto Raptors,Detroit Pistons,0.7510285689611373
Atlanta Hawks,Washington Wizards,0.7110424637680723
Boston Celtics,Chicago Bulls,0.5501323079805944
Portland Trail Blazers,Los Angeles Clippers,0.502210763573285
San Antonio Spurs,Sacramento Kings,0.8557114776669731
Indiana Pacers,Brooklyn Nets,0.8438505730368016
Dallas Mavericks,Houston Rockets,0.5419908582170654
Detroit Pistons,Orlando Magic,0.6568620578390849
Miami Heat,Charlotte Hornets,0.6128785073387188
Golden State Warriors,New Orleans Pelicans,0.9141841208926881
Oklahoma City Thunder,Phoenix Suns,0.9255731674711649
Toronto Raptors,Cleveland Cavaliers,0.5482852590677505
Utah Jazz,Los Angeles Lakers,0.8482047267605611
Indiana Pacers,Chicago Bulls,0.5049719387974176
Charlotte Hornets,Boston Celtics,0.5883028282536406
Cleveland Cavaliers,Orlando Magic,0.8994911844703869
Portland Trail Blazers,Denver Nuggets,0.7888455992730445
Milwaukee Bucks,Brooklyn Nets,0.6383024427160265
Memphis Grizzlies,New York Knicks,0.5736155058765595
Atlanta Hawks,Philadelphia 76ers,0.9265058377127626
Sacramento Kings,Minnesota Timberwolves,0.5018856984875921
San Antonio Spurs,New Orleans Pelicans,0.9450925718085503
Detroit Pistons,Milwaukee Bucks,0.6945472234091079
Houston Rockets,Dallas Mavericks,0.5786533128026957
Los Angeles Clippers,Utah Jazz,0.7433884102913212
Washington Wizards,Memphis Grizzlies,0.5334938386048113
San Antonio Spurs,Miami Heat,0.6246921770127156
Oklahoma City Thunder,Los Angeles Lakers,0.9502406373818346
Golden State Warriors,Phoenix Suns,0.9471293472514909
Atlanta Hawks,Sacramento Kings,0.7761599564368609
Chicago Bulls,Brooklyn Nets,0.7804874187974656
Los Angeles Clippers,Phoenix Suns,0.8871011528412628
Toronto Raptors,Denver Nuggets,0.8360703767707341
Cleveland Cavaliers,Houston Rockets,0.8461522883080945
Detroit Pistons,New York Knicks,0.7169544265584845
Indiana Pacers,Los Angeles Lakers,0.8800093067960115
Miami Heat,Sacramento Kings,0.7756787142951772
Memphis Grizzlies,Minnesota Timberwolves,0.5844830281381009
Milwaukee Bucks,New Orleans Pelicans,0.5384828603657725
Orlando Magic,Philadelphia 76ers,0.8614791437734922
Golden State Warriors,Portland Trail Blazers,0.7539121949250512
San Antonio Spurs,Utah Jazz,0.8989880399328585
Atlanta Hawks,Los Angeles Lakers,0.9055306731281721
Boston Celtics,Chicago Bulls,0.7241649360098622
Detroit Pistons,Brooklyn Nets,0.833525094083018
Charlotte Hornets,Philadelphia 76ers,0.9272428807730017
Oklahoma City Thunder,Los Angeles Clippers,0.5262518246253916
Memphis Grizzlies,New Orleans Pelicans,0.6126556688398169
Houston Rockets,New York Knicks,0.6607006081365587
Portland Trail Blazers,Phoenix Suns,0.8765712641110296
Utah Jazz,Dallas Mavericks,0.5989798059500817
Toronto Raptors,Washington Wizards,0.6268446186082727
Cleveland Cavaliers,Boston Celtics,0.8028525882486877
Golden State Warriors,Oklahoma City Thunder,0.7713039154181276
Indiana Pacers,Milwaukee Bucks,0.7001636113033595
Denver Nuggets,Minnesota Timberwolves,0.556924971674702
Orlando Magic,Sacramento Kings,0.5406977589439098
Charlotte Hornets,Brooklyn Nets,0.8627281605502515
Chicago Bulls,New York Knicks,0.7039589636375212
Portland Trail Blazers,Dallas Mavericks,0.6127833577872404
Golden State Warriors,Los Angeles Lakers,0.9630209814862829
Los Angeles Clippers,Memphis Grizzlies,0.67402535004591
New Orleans Pelicans,Phoenix Suns,0.5709548747217187
Toronto Raptors,Miami Heat,0.7186465089398515
San Antonio Spurs,Utah Jazz,0.7400832434832012
Atlanta Hawks,Washington Wizards,0.5189799901000722
Atlanta Hawks,Houston Rockets,0.6753252019261871
Detroit Pistons,Denver Nuggets,0.6558392347719302
Indiana Pacers,Chicago Bulls,0.6822422999214592
Sacramento Kings,Milwaukee Bucks,0.5542408599999595
Oklahoma City Thunder,Minnesota Timberwolves,0.8776312212254381
Washington Wizards,Orlando Magic,0.544834882868633
Cleveland Cavaliers,Philadelphia 76ers,0.9633037925359004
San Antonio Spurs,Los Angeles Clippers,0.8403315600560628
Boston Celtics,Denver Nuggets,0.7591593110271144
Dallas Mavericks,Milwaukee Bucks,0.6957903169911152
Phoenix Suns,Los Angeles Lakers,0.6475183345965013
Portland Trail Blazers,Memphis Grizzlies,0.7170033640380427
Utah Jazz,New York Knicks,0.6376719448205712
Toronto Raptors,Sacramento Kings,0.8399719291713086
Chicago Bulls,Orlando Magic,0.6424833887214716
Charlotte Hornets,Indiana Pacers,0.6314100345379893
Golden State Warriors,New Orleans Pelicans,0.9545249922073944
Los Angeles Clippers,Detroit Pistons,0.7149715985884835
Oklahoma City Thunder,Miami Heat,0.7707297041550989
Utah Jazz,Philadelphia 76ers,0.9014405024134514
Washington Wizards,Houston Rockets,0.5358832733922486
Minnesota Timberwolves,Brooklyn Nets,0.7348588074873474
Cleveland Cavaliers,Atlanta Hawks,0.8153265217684093
Dallas Mavericks,Los Angeles Lakers,0.817365839035212
Memphis Grizzlies,Denver Nuggets,0.5448924256792854
Portland Trail Blazers,Phoenix Suns,0.822297070374274
Sacramento Kings,New Orleans Pelicans,0.5547160010158066
Atlanta Hawks,Chicago Bulls,0.7372692438591482
Charlotte Hornets,Utah Jazz,0.6810528511497456
Golden State Warriors,Dallas Mavericks,0.9235653869072927
Indiana Pacers,Philadelphia 76ers,0.9131137694179213
Los Angeles Clippers,Portland Trail Blazers,0.5830055859118839
New York Knicks,Brooklyn Nets,0.652594469765879
Oklahoma City Thunder,Toronto Raptors,0.6811706583001561
Orlando Magic,Minnesota Timberwolves,0.549992803022359
Detroit Pistons,Phoenix Suns,0.7983194797298454
San Antonio Spurs,Houston Rockets,0.8894255555012619
Boston Celtics,Washington Wizards,0.5391040938805015
Golden State Warriors,Denver Nuggets,0.9040635953773042
Miami Heat,Chicago Bulls,0.7367327498374499
Milwaukee Bucks,New Orleans Pelicans,0.5079668766937924
Sacramento Kings,Los Angeles Lakers,0.7284696854736611
Boston Celtics,New York Knicks,0.8073175413712673
Toronto Raptors,Charlotte Hornets,0.5012533869714226
Oklahoma City Thunder,Los Angeles Clippers,0.7305571711338775
Utah Jazz,Orlando Magic,0.5613790273000518
Indiana Pacers,Philadelphia 76ers,0.9193595938097258
Portland Trail Blazers,Sacramento Kings,0.7199249639970152
San Antonio Spurs,Detroit Pistons,0.8851397880665157
Cleveland Cavaliers,Washington Wizards,0.6919896272088802
Atlanta Hawks,Philadelphia 76ers,0.9321369832222879
Chicago Bulls,Washington Wizards,0.5664529165775855
Detroit Pistons,Denver Nuggets,0.6755620999312997
San Antonio Spurs,Houston Rockets,0.7559071394684429
Indiana Pacers,Boston Celtics,0.5409396176455059
Miami Heat,Utah Jazz,0.6965127368406827
Memphis Grizzlies,Milwaukee Bucks,0.5888170119150727
Los Angeles Clippers,Minnesota Timberwolves,0.7567961752833265
New Orleans Pelicans,Los Angeles Lakers,0.6714318034960599
Brooklyn Nets,Phoenix Suns,0.5090204915077741
Toronto Raptors,New York Knicks,0.8714536498045518
Cleveland Cavaliers,Charlotte Hornets,0.8076111061292096
Golden State Warriors,Phoenix Suns,0.967145467384342
Minnesota Timberwolves,Los Angeles Lakers,0.6935717937025497
Oklahoma City Thunder,Orlando Magic,0.8708492598688774
Portland Trail Blazers,Denver Nuggets,0.7140928297637891
Oklahoma City Thunder,Detroit Pistons,0.7120007692321948
Houston Rockets,Philadelphia 76ers,0.8804147259044746
Indiana Pacers,Orlando Magic,0.7214147967054761
Los Angeles Clippers,Brooklyn Nets,0.9054576063368449
Boston Celtics,New Orleans Pelicans,0.7528227945558592
Dallas Mavericks,New York Knicks,0.61251955059344
San Antonio Spurs,Miami Heat,0.8671143582779707
Utah Jazz,Memphis Grizzlies,0.6370339743157898
Cleveland Cavaliers,Toronto Raptors,0.7392843088238586
Brooklyn Nets,Los Angeles Lakers,0.6011413829732686
Miami Heat,Atlanta Hawks,0.6247749928908805
Charlotte Hornets,Minnesota Timberwolves,0.7273420313821946
Portland Trail Blazers,Chicago Bulls,0.6753505482866256
Atlanta Hawks,Milwaukee Bucks,0.8008063101989599
Boston Celtics,Dallas Mavericks,0.7056324739656699
Denver Nuggets,Phoenix Suns,0.6006950106293188
Cleveland Cavaliers,Indiana Pacers,0.6197707143078329
Los Angeles Clippers,Memphis Grizzlies,0.791222671260561
Detroit Pistons,New York Knicks,0.6702409385489808
Oklahoma City Thunder,Houston Rockets,0.8055955380701353
Orlando Magic,New Orleans Pelicans,0.6017693282178221
Washington Wizards,Philadelphia 76ers,0.8953314711853377
San Antonio Spurs,Sacramento Kings,0.8557114776669731
Golden State Warriors,Toronto Raptors,0.6000462238615201
Portland Trail Blazers,Houston Rockets,0.6268301701595536
Miami Heat,Milwaukee Bucks,0.8003644271423344
Minnesota Timberwolves,Philadelphia 76ers,0.7643384246447119
Utah Jazz,Chicago Bulls,0.6206167263768184
Washington Wizards,New York Knicks,0.7131415033577214
Golden State Warriors,Boston Celtics,0.708241207502724
Charlotte Hornets,Atlanta Hawks,0.6077189015725544
Cleveland Cavaliers,Detroit Pistons,0.8404900830901584
Dallas Mavericks,Memphis Grizzlies,0.6313843055833954
Toronto Raptors,Denver Nuggets,0.7946323776464914
Indiana Pacers,Phoenix Suns,0.826869085348678
San Antonio Spurs,Los Angeles Lakers,0.9500844882469366
Portland Trail Blazers,New Orleans Pelicans,0.8085467328607295
Oklahoma City Thunder,Brooklyn Nets,0.9381107790907134
Los Angeles Clippers,Sacramento Kings,0.7241603507804033
Boston Celtics,Detroit Pistons,0.5344510540856222
Houston Rockets,Utah Jazz,0.5522804852696267
Los Angeles Clippers,Chicago Bulls,0.7793640389294298
Memphis Grizzlies,Minnesota Timberwolves,0.5612626060090609
Golden State Warriors,Milwaukee Bucks,0.9073330364587696
Charlotte Hornets,New Orleans Pelicans,0.7471334466396419
Dallas Mavericks,Orlando Magic,0.5347942202896504
Phoenix Suns,Philadelphia 76ers,0.771274533149698
Miami Heat,Washington Wizards,0.5163503148593873
Portland Trail Blazers,Brooklyn Nets,0.8998310961091855
Utah Jazz,Denver Nuggets,0.6432389123350593
Chicago Bulls,Los Angeles Lakers,0.8033951980362237
Atlanta Hawks,New York Knicks,0.7080959914222903
Oklahoma City Thunder,Indiana Pacers,0.786245529360638
Toronto Raptors,Sacramento Kings,0.7691446090040079
Charlotte Hornets,Memphis Grizzlies,0.7363864051171213
Detroit Pistons,Houston Rockets,0.5405343047905192
Golden State Warriors,Indiana Pacers,0.7480007127805613
Los Angeles Clippers,Toronto Raptors,0.5744491151682051
Orlando Magic,Milwaukee Bucks,0.5602137358362425
Boston Celtics,Minnesota Timberwolves,0.733317730518423
Miami Heat,Philadelphia 76ers,0.9257854642100697
San Antonio Spurs,Dallas Mavericks,0.9083280588297614
Washington Wizards,Phoenix Suns,0.7760398913525732
Atlanta Hawks,New Orleans Pelicans,0.816545764701522
Chicago Bulls,Denver Nuggets,0.5965572897492442
Oklahoma City Thunder,Los Angeles Lakers,0.9412943103158674
Portland Trail Blazers,New York Knicks,0.7847905345435252
Boston Celtics,Brooklyn Nets,0.8662821748801802
San Antonio Spurs,Charlotte Hornets,0.6414456944904346
Cleveland Cavaliers,Portland Trail Blazers,0.7459919803123928
Los Angeles Clippers,Dallas Mavericks,0.5636108665376958
Miami Heat,Detroit Pistons,0.5116756376570719
Golden State Warriors,Los Angeles Lakers,0.9783567163092106
Toronto Raptors,Houston Rockets,0.6350026244607285
Indiana Pacers,Atlanta Hawks,0.5609222766663269
Minnesota Timberwolves,New Orleans Pelicans,0.5657818095600277
Orlando Magic,Phoenix Suns,0.6794076749997442
Memphis Grizzlies,Philadelphia 76ers,0.8748651196237298
Oklahoma City Thunder,Sacramento Kings,0.8332194862827833
Utah Jazz,Denver Nuggets,0.6626277894339373
San Antonio Spurs,Boston Celtics,0.6395362497269563
Cleveland Cavaliers,Dallas Mavericks,0.8713825482939817
Oklahoma City Thunder,Denver Nuggets,0.8529851926001049
Los Angeles Clippers,Detroit Pistons,0.5650531299254653
Indiana Pacers,Brooklyn Nets,0.8534003902291883
Golden State Warriors,Los Angeles Lakers,0.9630209814862829
Miami Heat,Memphis Grizzlies,0.6251494364329906
Toronto Raptors,Milwaukee Bucks,0.8008094762155689
Charlotte Hornets,New York Knicks,0.7184107879127125
Washington Wizards,Orlando Magic,0.544834882868633
Chicago Bulls,Philadelphia 76ers,0.8823655556637271
Minnesota Timberwolves,Phoenix Suns,0.6866320877854469
Portland Trail Blazers,New Orleans Pelicans,0.7674164748117083
Houston Rockets,Sacramento Kings,0.6320458110450036
Atlanta Hawks,Utah Jazz,0.5067553611447657
Charlotte Hornets,New York Knicks,0.8060243067879016
Golden State Warriors,Minnesota Timberwolves,0.9443728553078823
Miami Heat,Memphis Grizzlies,0.7501481446808945
Oklahoma City Thunder,Detroit Pistons,0.798795616982003
San Antonio Spurs,Washington Wizards,0.7493849350832712
Sacramento Kings,Brooklyn Nets,0.7420987444468723
Dallas Mavericks,New Orleans Pelicans,0.7168941649140258
Indiana Pacers,Los Angeles Clippers,0.5101118574506712
Atlanta Hawks,Los Angeles Lakers,0.8728993466652915
Orlando Magic,Milwaukee Bucks,0.5771455600964842
Cleveland Cavaliers,Philadelphia 76ers,0.9633037925359004
Denver Nuggets,Phoenix Suns,0.7007043073594887
Portland Trail Blazers,Houston Rockets,0.6065976423178518
Golden State Warriors,Atlanta Hawks,0.8873113038502667
Charlotte Hornets,Memphis Grizzlies,0.6393243196006744
Miami Heat,Boston Celtics,0.6056553226737827
Utah Jazz,Minnesota Timberwolves,0.6479089559847121
Oklahoma City Thunder,New York Knicks,0.8499275488538496
Toronto Raptors,Philadelphia 76ers,0.9541121512931585
Washington Wizards,Sacramento Kings,0.6580996188145328
Los Angeles Clippers,Brooklyn Nets,0.8799706075817306
Charlotte Hornets,Detroit Pistons,0.6489924704876882
Cleveland Cavaliers,Milwaukee Bucks,0.8431817452738827
New Orleans Pelicans,Los Angeles Lakers,0.6714318034960599
San Antonio Spurs,Orlando Magic,0.9290201568425777
Utah Jazz,Houston Rockets,0.548029856875364
Boston Celtics,Detroit Pistons,0.6508791685925887
Chicago Bulls,Los Angeles Lakers,0.8357839360259088
San Antonio Spurs,Dallas Mavericks,0.7447404531523802
Miami Heat,Denver Nuggets,0.7109081409131772
Minnesota Timberwolves,New York Knicks,0.5139728969651167
Oklahoma City Thunder,Washington Wizards,0.8305771375867093
Atlanta Hawks,Phoenix Suns,0.8253038833728017
Portland Trail Blazers,Indiana Pacers,0.5778205639556662
Toronto Raptors,Memphis Grizzlies,0.8200612783909877
Milwaukee Bucks,Brooklyn Nets,0.7127936485968065
Charlotte Hornets,Dallas Mavericks,0.703907064351919
Cleveland Cavaliers,Los Angeles Clippers,0.7825427761371432
Golden State Warriors,Houston Rockets,0.9074847698998986
Memphis Grizzlies,Orlando Magic,0.5460167328852039
Miami Heat,Utah Jazz,0.5041227109052135
Atlanta Hawks,Detroit Pistons,0.6658586333510482
Boston Celtics,Sacramento Kings,0.764375482264471
Cleveland Cavaliers,Chicago Bulls,0.701385942635603
Houston Rockets,Denver Nuggets,0.6660990234570752
Los Angeles Clippers,New Orleans Pelicans,0.7751106549775889
Minnesota Timberwolves,New York Knicks,0.5294338432819079
Orlando Magic,Philadelphia 76ers,0.8614791437734922
San Antonio Spurs,Washington Wizards,0.9049063208847642
Toronto Raptors,Los Angeles Lakers,0.9355254791370605
Charlotte Hornets,Minnesota Timberwolves,0.769593403651977
Dallas Mavericks,Chicago Bulls,0.6148660107636599
Golden State Warriors,Phoenix Suns,0.967145467384342
Memphis Grizzlies,Los Angeles Lakers,0.7730505701879881
Milwaukee Bucks,Brooklyn Nets,0.6383024427160265
Boston Celtics,Philadelphia 76ers,0.9318203794747442
Portland Trail Blazers,Miami Heat,0.5557245354535096
Toronto Raptors,Atlanta Hawks,0.7165121356027209
Utah Jazz,Denver Nuggets,0.6626277894339373
Detroit Pistons,Orlando Magic,0.6568620578390849
Los Angeles Clippers,Indiana Pacers,0.6991621337867882
Sacramento Kings,New York Knicks,0.5387623867633031
Oklahoma City Thunder,New Orleans Pelicans,0.8986567962486347
Oklahoma City Thunder,Atlanta Hawks,0.5830349453529182
Washington Wizards,Brooklyn Nets,0.8021648530611272
Portland Trail Blazers,Chicago Bulls,0.6290341800232842
Charlotte Hornets,Dallas Mavericks,0.5254316120052878
Golden State Warriors,Indiana Pacers,0.8969793736759981
Boston Celtics,Houston Rockets,0.5477965178564966
Utah Jazz,Los Angeles Lakers,0.8328497585231851
San Antonio Spurs,Milwaukee Bucks,0.8773952844354721
Memphis Grizzlies,New Orleans Pelicans,0.6090706731086125
Denver Nuggets,Philadelphia 76ers,0.8620193967698102
Toronto Raptors,Cleveland Cavaliers,0.5482852590677505
Detroit Pistons,Chicago Bulls,0.6134759352581789
Memphis Grizzlies,Philadelphia 76ers,0.8299622667640659
Miami Heat,New York Knicks,0.8170538231858924
San Antonio Spurs,Minnesota Timberwolves,0.8754596490803261
Utah Jazz,Phoenix Suns,0.7844296090352529
Washington Wizards,Orlando Magic,0.6526318376162007
Atlanta Hawks,Miami Heat,0.6278876517485016
Denver Nuggets,Brooklyn Nets,0.7475615487429365
Charlotte Hornets,Detroit Pistons,0.6489924704876882
Dallas Mavericks,Sacramento Kings,0.6636084801097492
Houston Rockets,Los Angeles Lakers,0.8370745981528677
Golden State Warriors,Los Angeles Clippers,0.6433902141919112
Portland Trail Blazers,Milwaukee Bucks,0.7951518841031591
Cleveland Cavaliers,New York Knicks,0.8347448826619426
Boston Celtics,Orlando Magic,0.6566546367451267
Indiana Pacers,Phoenix Suns,0.810331682381817
San Antonio Spurs,Chicago Bulls,0.7576435514460934
Portland Trail Blazers,Memphis Grizzlies,0.7170033640380427
New Orleans Pelicans,Philadelphia 76ers,0.745434794405463
Toronto Raptors,Minnesota Timberwolves,0.8449472564320835
Golden State Warriors,Utah Jazz,0.7957445285207352
Washington Wizards,Denver Nuggets,0.6516030931179716
Boston Celtics,Toronto Raptors,0.5008197326427409
Charlotte Hornets,Orlando Magic,0.7584715821677709
Cleveland Cavaliers,Miami Heat,0.8169070336277735
Dallas Mavericks,Indiana Pacers,0.5122875581764506
Phoenix Suns,Los Angeles Lakers,0.6475183345965013
Atlanta Hawks,Milwaukee Bucks,0.720836348539035
Detroit Pistons,Minnesota Timberwolves,0.6800195083705636
Oklahoma City Thunder,Houston Rockets,0.8055955380701353
Sacramento Kings,New York Knicks,0.5562378082711985
Miami Heat,Chicago Bulls,0.5274457383891
Cleveland Cavaliers,Charlotte Hornets,0.8076111061292096
Houston Rockets,Dallas Mavericks,0.5786533128026957
Portland Trail Blazers,Indiana Pacers,0.5405965550526923
Los Angeles Clippers,New Orleans Pelicans,0.8485480737874603
Golden State Warriors,Memphis Grizzlies,0.8646989038382321
Orlando Magic,Denver Nuggets,0.5335515876927217
San Antonio Spurs,Brooklyn Nets,0.967129851648199
Utah Jazz,Sacramento Kings,0.6690231596429942
Washington Wizards,Milwaukee Bucks,0.6905627292851017
Detroit Pistons,Philadelphia 76ers,0.8859589446400932
New York Knicks,Los Angeles Lakers,0.7191387752639267
Golden State Warriors,Minnesota Timberwolves,0.9058193122854372
Oklahoma City Thunder,Boston Celtics,0.7541971886061022
New Orleans Pelicans,Phoenix Suns,0.6392751578346396
Dallas Mavericks,Denver Nuggets,0.6571620988792691
Houston Rockets,Brooklyn Nets,0.8030751565615446
Indiana Pacers,Charlotte Hornets,0.5484644466872333
Los Angeles Clippers,Portland Trail Blazers,0.5830055859118839
Miami Heat,Washington Wizards,0.7104734459425596
Sacramento Kings,Los Angeles Lakers,0.7284696854736611
Toronto Raptors,Milwaukee Bucks,0.8588697125836581
Atlanta Hawks,Orlando Magic,0.7719258996326641
Chicago Bulls,Minnesota Timberwolves,0.65652754072011
Cleveland Cavaliers,Memphis Grizzlies,0.8884034888037938
Golden State Warriors,New Orleans Pelicans,0.9141841208926881
New York Knicks,Phoenix Suns,0.6378527140275236
Oklahoma City Thunder,Portland Trail Blazers,0.6535277336034309
Los Angeles Lakers,Brooklyn Nets,0.5100202837436763
Dallas Mavericks,Detroit Pistons,0.5313346125151901
Houston Rockets,Sacramento Kings,0.6501734523966409
Cleveland Cavaliers,Memphis Grizzlies,0.7782463760825713
Miami Heat,Indiana Pacers,0.6480326314862107
Los Angeles Clippers,Orlando Magic,0.6839737681605162
Toronto Raptors,Philadelphia 76ers,0.9515224140851067
San Antonio Spurs,Boston Celtics,0.856235643261872
Oklahoma City Thunder,Utah Jazz,0.7057645441339517
Charlotte Hornets,Washington Wizards,0.5315565058930214
Portland Trail Blazers,Denver Nuggets,0.7888455992730445
Golden State Warriors,New York Knicks,0.9547917662089611
Chicago Bulls,Milwaukee Bucks,0.6057361491549726
Indiana Pacers,New Orleans Pelicans,0.7175634557242744
San Antonio Spurs,Phoenix Suns,0.9290430579615363
Boston Celtics,Charlotte Hornets,0.5976273378246388
Chicago Bulls,Milwaukee Bucks,0.680980750348701
Houston Rockets,New Orleans Pelicans,0.7046400918582593
Memphis Grizzlies,Sacramento Kings,0.5520107343656294
Miami Heat,Los Angeles Clippers,0.5757651714046064
Orlando Magic,Brooklyn Nets,0.7209092794248363
Los Angeles Lakers,Philadelphia 76ers,0.6871012436335748
Toronto Raptors,Atlanta Hawks,0.7165121356027209
Utah Jazz,Dallas Mavericks,0.5989798059500817
Washington Wizards,Detroit Pistons,0.5252094087971466
Atlanta Hawks,Charlotte Hornets,0.6135349980074711
Cleveland Cavaliers,Los Angeles Lakers,0.9620432400636485
Denver Nuggets,New York Knicks,0.5190699108910871
Detroit Pistons,Indiana Pacers,0.5108218001897048
Golden State Warriors,Portland Trail Blazers,0.8396890647255643
Houston Rockets,Minnesota Timberwolves,0.6706230552304602
Oklahoma City Thunder,Phoenix Suns,0.9255731674711649
Dallas Mavericks,Sacramento Kings,0.6636084801097492
Utah Jazz,Memphis Grizzlies,0.5501098177244235
Miami Heat,Boston Celtics,0.6056553226737827
Toronto Raptors,Orlando Magic,0.7330962137875933
Brooklyn Nets,Philadelphia 76ers,0.7345041772241226
San Antonio Spurs,New Orleans Pelicans,0.9450925718085503
Los Angeles Clippers,Washington Wizards,0.5696465959216184
Chicago Bulls,Detroit Pistons,0.5141098483234374
Dallas Mavericks,Denver Nuggets,0.618241611050782
Indiana Pacers,Washington Wizards,0.653107035314553
Minnesota Timberwolves,Phoenix Suns,0.5957894214268599
Oklahoma City Thunder,Atlanta Hawks,0.7688633610552683
Charlotte Hornets,Los Angeles Lakers,0.8989258517344672
Golden State Warriors,Utah Jazz,0.91563363317465
San Antonio Spurs,Houston Rockets,0.7559071394684429
Los Angeles Clippers,Denver Nuggets,0.8092005697234135
Boston Celtics,Memphis Grizzlies,0.6462909582191385
Miami Heat,Orlando Magic,0.7714382351505624
Cleveland Cavaliers,Milwaukee Bucks,0.8431817452738827
Indiana Pacers,New York Knicks,0.6868896092422379
New Orleans Pelicans,Philadelphia 76ers,0.8254518365507414
Portland Trail Blazers,Sacramento Kings,0.7628539766709248
Toronto Raptors,Brooklyn Nets,0.9201100824348989
Atlanta Hawks,Minnesota Timberwolves,0.7826057545838444
Chicago Bulls,Washington Wizards,0.5664529165775855
Cleveland Cavaliers,Milwaukee Bucks,0.9140176053074729
Detroit Pistons,Memphis Grizzlies,0.6300179750495328
Oklahoma City Thunder,New Orleans Pelicans,0.8677055862813112
Houston Rockets,Phoenix Suns,0.7913309777713902
Portland Trail Blazers,Dallas Mavericks,0.6551004263232751
Utah Jazz,Sacramento Kings,0.6690231596429942
Golden State Warriors,Brooklyn Nets,0.9577338128583123
Indiana Pacers,Boston Celtics,0.5409396176455059
San Antonio Spurs,Los Angeles Clippers,0.568713416121265
Miami Heat,Los Angeles Lakers,0.9052936316856274
Orlando Magic,New York Knicks,0.5447723140994942
Oklahoma City Thunder,Boston Celtics,0.5991325429124452
Charlotte Hornets,Chicago Bulls,0.7225054347642837
Cleveland Cavaliers,Brooklyn Nets,0.9526471322813412
Atlanta Hawks,Denver Nuggets,0.7130678103799533
Golden State Warriors,Detroit Pistons,0.8006124363452636
Los Angeles Clippers,Dallas Mavericks,0.763328163551114
Houston Rockets,Memphis Grizzlies,0.5749945100156137
Washington Wizards,Milwaukee Bucks,0.6366364936524356
Sacramento Kings,Minnesota Timberwolves,0.5498210675895876
Miami Heat,New Orleans Pelicans,0.7354422557251803
Orlando Magic,Los Angeles Lakers,0.7649425913805527
Phoenix Suns,Philadelphia 76ers,0.6352140610300812
San Antonio Spurs,Portland Trail Blazers,0.6912739947573248
Toronto Raptors,Utah Jazz,0.6153294161595433
Cleveland Cavaliers,Golden State Warriors,0.5379557918273724
Los Angeles Clippers,Los Angeles Lakers,0.8939077797751824
Boston Celtics,New York Knicks,0.7245080883366313
Oklahoma City Thunder,Minnesota Timberwolves,0.8776312212254381
San Antonio Spurs,Chicago Bulls,0.9156253210237078
Charlotte Hornets,Brooklyn Nets,0.8627281605502515
Indiana Pacers,Chicago Bulls,0.5049719387974176
Cleveland Cavaliers,Detroit Pistons,0.6879867580008936
Houston Rockets,Phoenix Suns,0.7698918783586561
Los Angeles Clippers,Denver Nuggets,0.8092005697234135
Atlanta Hawks,Minnesota Timberwolves,0.7172256194672142
Dallas Mavericks,New Orleans Pelicans,0.6467320352265228
Orlando Magic,Memphis Grizzlies,0.5054736462568337
Toronto Raptors,Portland Trail Blazers,0.5571124626305051
Sacramento Kings,Philadelphia 76ers,0.7935756446514005
Washington Wizards,Milwaukee Bucks,0.6905627292851017
Boston Celtics,Memphis Grizzlies,0.7379929973125273
Dallas Mavericks,Houston Rockets,0.5419908582170654
Utah Jazz,Los Angeles Lakers,0.8328497585231851
Oklahoma City Thunder,Miami Heat,0.5837076694600214
Atlanta Hawks,New York Knicks,0.8174671899939744
Chicago Bulls,Brooklyn Nets,0.8015790015677259
Minnesota Timberwolves,Denver Nuggets,0.5354523105303413
Detroit Pistons,Milwaukee Bucks,0.6945472234091079
Golden State Warriors,Toronto Raptors,0.8349081092992563
Los Angeles Clippers,New Orleans Pelicans,0.7751106549775889
Charlotte Hornets,Orlando Magic,0.6497815087595857
Portland Trail Blazers,Sacramento Kings,0.7199249639970152
San Antonio Spurs,Phoenix Suns,0.9602216943326705
Washington Wizards,Indiana Pacers,0.5061447950416295
Charlotte Hornets,Miami Heat,0.6102267960062137
Cleveland Cavaliers,Boston Celtics,0.8028525882486877
Dallas Mavericks,Los Angeles Lakers,0.817365839035212
Oklahoma City Thunder,Memphis Grizzlies,0.7973597003716248
Toronto Raptors,Phoenix Suns,0.8803186345993512
Utah Jazz,Philadelphia 76ers,0.8889767968554806
Atlanta Hawks,Detroit Pistons,0.6658586333510482
Boston Celtics,Miami Heat,0.6121973531574343
Denver Nuggets,Philadelphia 76ers,0.7679950179229348
Golden State Warriors,Dallas Mavericks,0.9235653869072927
Los Angeles Clippers,Houston Rockets,0.5782136671671423
Indiana Pacers,Chicago Bulls,0.6822422999214592
Milwaukee Bucks,Minnesota Timberwolves,0.5130053769065799
New York Knicks,New Orleans Pelicans,0.5115722047167487
San Antonio Spurs,Portland Trail Blazers,0.811149961855722
Washington Wizards,Brooklyn Nets,0.8085570420080416
Chicago Bulls,Milwaukee Bucks,0.680980750348701
Cleveland Cavaliers,Charlotte Hornets,0.5734025754945994
Houston Rockets,New York Knicks,0.7059211528165851
Oklahoma City Thunder,Los Angeles Clippers,0.7305571711338775
Memphis Grizzlies,Sacramento Kings,0.5426965942590891
Utah Jazz,Phoenix Suns,0.7844296090352529
San Antonio Spurs,Atlanta Hawks,0.6240430253916776
Indiana Pacers,Orlando Magic,0.7214147967054761
Toronto Raptors,Los Angeles Lakers,0.9144786652937362
Miami Heat,Detroit Pistons,0.665242529042751
Portland Trail Blazers,Minnesota Timberwolves,0.7922253006012882
Utah Jazz,Brooklyn Nets,0.8125732811396889
Charlotte Hornets,Chicago Bulls,0.5426120944804107
Cleveland Cavaliers,New Orleans Pelicans,0.9216863852964201
Golden State Warriors,Denver Nuggets,0.9407892747861033
Houston Rockets,Washington Wizards,0.5687682009552119
Los Angeles Clippers,Phoenix Suns,0.8871011528412628
Oklahoma City Thunder,Milwaukee Bucks,0.8577213996255258
Orlando Magic,New York Knicks,0.5447723140994942
Boston Celtics,Utah Jazz,0.6828514344582306
Dallas Mavericks,Washington Wizards,0.5833260092048576
Sacramento Kings,Denver Nuggets,0.5447641331208146
Detroit Pistons,Indiana Pacers,0.5108218001897048
Memphis Grizzlies,Los Angeles Lakers,0.7920462510194647
Minnesota Timberwolves,Philadelphia 76ers,0.8539509671465119
Miami Heat,Phoenix Suns,0.8237802196100327
San Antonio Spurs,Toronto Raptors,0.805714814867598
Oklahoma City Thunder,Charlotte Hornets,0.6011225261229682
Cleveland Cavaliers,Chicago Bulls,0.881236217239546
Golden State Warriors,Portland Trail Blazers,0.8396890647255643
Los Angeles Clippers,Memphis Grizzlies,0.791222671260561
Milwaukee Bucks,New York Knicks,0.5018616850325819
Atlanta Hawks,Orlando Magic,0.6382187583069316
Miami Heat,Sacramento Kings,0.6792240843591362
Dallas Mavericks,Phoenix Suns,0.7802828918223833
San Antonio Spurs,Denver Nuggets,0.8732171823394905
Charlotte Hornets,Detroit Pistons,0.5268941378139084
Oklahoma City Thunder,Houston Rockets,0.7228954847792595
Indiana Pacers,Brooklyn Nets,0.8534003902291883
Atlanta Hawks,New Orleans Pelicans,0.7374863223333444
Portland Trail Blazers,Los Angeles Lakers,0.8766312357341685
Toronto Raptors,Utah Jazz,0.7769719319558558
Boston Celtics,Philadelphia 76ers,0.927800343239939
Cleveland Cavaliers,Brooklyn Nets,0.9256133385395928
Golden State Warriors,Memphis Grizzlies,0.9342020222959672
Miami Heat,Los Angeles Lakers,0.8717262806571874
Milwaukee Bucks,New York Knicks,0.509507181625326
Houston Rockets,Orlando Magic,0.586109369069402
Los Angeles Clippers,Sacramento Kings,0.7241603507804033
Washington Wizards,Minnesota Timberwolves,0.6664842772636148
Boston Celtics,New Orleans Pelicans,0.8063570173993468
Toronto Raptors,Chicago Bulls,0.6371863041715173
Atlanta Hawks,Dallas Mavericks,0.5128413616643475
Indiana Pacers,New York Knicks,0.7740903010086373
Utah Jazz,Minnesota Timberwolves,0.6479089559847121
Oklahoma City Thunder,Denver Nuggets,0.8703383792685135
San Antonio Spurs,Charlotte Hornets,0.8599304599892232
Brooklyn Nets,Philadelphia 76ers,0.5792404418803804
Los Angeles Clippers,Miami Heat,0.6798986749611182
Orlando Magic,Los Angeles Lakers,0.7721086876865664
Utah Jazz,Memphis Grizzlies,0.5501098177244235
Washington Wizards,Milwaukee Bucks,0.6366364936524356
Cleveland Cavaliers,Phoenix Suns,0.9077263821464968
Portland Trail Blazers,Detroit Pistons,0.5963250051263341
Golden State Warriors,Sacramento Kings,0.8902818944674392
Toronto Raptors,Houston Rockets,0.7589556868815983
Oklahoma City Thunder,Chicago Bulls,0.724781231258826
Dallas Mavericks,Minnesota Timberwolves,0.6230471151944598
New York Knicks,New Orleans Pelicans,0.5235649060475374
Atlanta Hawks,Brooklyn Nets,0.8566449224711082
Golden State Warriors,Miami Heat,0.8883600973609858
Charlotte Hornets,Houston Rockets,0.5402698879624791
Portland Trail Blazers,Los Angeles Lakers,0.9116935944857638
Detroit Pistons,Sacramento Kings,0.6419552227313843
San Antonio Spurs,Milwaukee Bucks,0.9395655315783122
Toronto Raptors,Boston Celtics,0.6998210509883352
Cleveland Cavaliers,Utah Jazz,0.6814631773157542
Washington Wizards,Chicago Bulls,0.6090292065277757
Boston Celtics,Washington Wizards,0.6971673439971404
Los Angeles Clippers,Orlando Magic,0.8098997244587048
Houston Rockets,Minnesota Timberwolves,0.6706230552304602
Oklahoma City Thunder,Memphis Grizzlies,0.8571038644082104
New York Knicks,Philadelphia 76ers,0.8245620675015761
Cleveland Cavaliers,Portland Trail Blazers,0.6271910182632419
New Orleans Pelicans,Brooklyn Nets,0.6915156630912696
Indiana Pacers,Denver Nuggets,0.6920655479557618
Golden State Warriors,Detroit Pistons,0.9038232725496593
Chicago Bulls,New York Knicks,0.5907253719398011
Dallas Mavericks,Phoenix Suns,0.7548158933607985
San Antonio Spurs,Los Angeles Lakers,0.9737314327961789
Atlanta Hawks,Boston Celtics,0.6063161942658613
Houston Rockets,Memphis Grizzlies,0.6174042867172035
Miami Heat,Milwaukee Bucks,0.7187120852385172
Oklahoma City Thunder,Minnesota Timberwolves,0.8555263052851527
Charlotte Hornets,Philadelphia 76ers,0.9298672482325508
Portland Trail Blazers,Orlando Magic,0.7150177554749885
Cleveland Cavaliers,Sacramento Kings,0.8167110088903969
Toronto Raptors,Brooklyn Nets,0.9201100824348989
Utah Jazz,Detroit Pistons,0.5373941910028346
Chicago Bulls,New Orleans Pelicans,0.7026729552135289
Los Angeles Clippers,Los Angeles Lakers,0.9234651390107969
San Antonio Spurs,Phoenix Suns,0.9290430579615363
Utah Jazz,Orlando Magic,0.6636407845546228
Washington Wizards,Philadelphia 76ers,0.8840545092222386
Atlanta Hawks,Milwaukee Bucks,0.8008063101989599
Houston Rockets,Brooklyn Nets,0.8274929038741318
Dallas Mavericks,Minnesota Timberwolves,0.6719253895664559
Detroit Pistons,Los Angeles Lakers,0.8519479164344246
Chicago Bulls,Memphis Grizzlies,0.5007013293501261
Oklahoma City Thunder,Sacramento Kings,0.8332194862827833
Toronto Raptors,New York Knicks,0.8714536498045518
Boston Celtics,Charlotte Hornets,0.5976273378246388
Orlando Magic,Denver Nuggets,0.550761065893447
Golden State Warriors,Cleveland Cavaliers,0.7908548135134197
Indiana Pacers,New Orleans Pelicans,0.7730107105260023
Oklahoma City Thunder,Los Angeles Clippers,0.5262518246253916
Milwaukee Bucks,Philadelphia 76ers,0.7611038814774986
Atlanta Hawks,New York Knicks,0.7080959914222903
Utah Jazz,Phoenix Suns,0.7741374731134819
Portland Trail Blazers,Washington Wizards,0.6185992145836317
Toronto Raptors,Brooklyn Nets,0.9029504690855078
Chicago Bulls,Dallas Mavericks,0.5763515699142523
Denver Nuggets,Los Angeles Lakers,0.7729056159156111
Miami Heat,Houston Rockets,0.6747180255202506
San Antonio Spurs,Minnesota Timberwolves,0.9329825256114217
Boston Celtics,New York Knicks,0.8073175413712673
Charlotte Hornets,Portland Trail Blazers,0.5075202806486598
Atlanta Hawks,Detroit Pistons,0.5143068219698267
Golden State Warriors,Oklahoma City Thunder,0.7713039154181276
Houston Rockets,Milwaukee Bucks,0.6830266640560917
Orlando Magic,New Orleans Pelicans,0.5808734299175524
Toronto Raptors,Philadelphia 76ers,0.9515224140851067
Indiana Pacers,Sacramento Kings,0.6593060539332283
Washington Wizards,Memphis Grizzlies,0.6256454241277575
Cleveland Cavaliers,Phoenix Suns,0.9428749975549775
Los Angeles Clippers,Minnesota Timberwolves,0.8192178487527524
Miami Heat,Dallas Mavericks,0.7187166965074714
Washington Wizards,New York Knicks,0.6220681601052
San Antonio Spurs,Denver Nuggets,0.9287205481102492
Atlanta Hawks,Chicago Bulls,0.7372692438591482
Toronto Raptors,Charlotte Hornets,0.5012533869714226
Dallas Mavericks,Utah Jazz,0.5669711296147784
Golden State Warriors,Houston Rockets,0.8090540340229281
Indiana Pacers,Los Angeles Lakers,0.8613208461431381
Memphis Grizzlies,Sacramento Kings,0.5520107343656294
New Orleans Pelicans,Brooklyn Nets,0.6186149273002539
Orlando Magic,Milwaukee Bucks,0.5771455600964842
Portland Trail Blazers,Philadelphia 76ers,0.9498775822975222
Atlanta Hawks,Philadelphia 76ers,0.9321369832222879
Boston Celtics,Portland Trail Blazers,0.5095927935217369
Chicago Bulls,Sacramento Kings,0.6480247606764424
Charlotte Hornets,Brooklyn Nets,0.8759203608621036
Cleveland Cavaliers,San Antonio Spurs,0.6143468357587215
Los Angeles Clippers,Denver Nuggets,0.7530198406430458
Detroit Pistons,Washington Wizards,0.5818995039022598
Houston Rockets,Memphis Grizzlies,0.5749945100156137
Miami Heat,Milwaukee Bucks,0.8003644271423344
New York Knicks,Phoenix Suns,0.6064795033650585
Utah Jazz,Indiana Pacers,0.5183701742762554
Dallas Mavericks,Los Angeles Lakers,0.8450424491079098
Denver Nuggets,Minnesota Timberwolves,0.556924971674702
Golden State Warriors,Orlando Magic,0.8699509293567113
Toronto Raptors,Phoenix Suns,0.9042978742393945
Atlanta Hawks,Los Angeles Clippers,0.5764411036946179
San Antonio Spurs,Brooklyn Nets,0.9430570593556502
Charlotte Hornets,Washington Wizards,0.6954137342085294
Detroit Pistons,Sacramento Kings,0.6622977076674319
Indiana Pacers,New York Knicks,0.7740903010086373
Golden State Warriors,Miami Heat,0.694876574633827
Houston Rockets,Milwaukee Bucks,0.6745588387152031
Cleveland Cavaliers,New Orleans Pelicans,0.8540125716493102
Oklahoma City Thunder,Utah Jazz,0.7057645441339517
Utah Jazz,Denver Nuggets,0.6432389123350593
Chicago Bulls,Orlando Magic,0.5121105206955311
Los Angeles Clippers,Philadelphia 76ers,0.939270123363697
Minnesota Timberwolves,Phoenix Suns,0.6866320877854469
San Antonio Spurs,Toronto Raptors,0.5230217857322521
Boston Celtics,Washington Wizards,0.5391040938805015
Boston Celtics,Houston Rockets,0.6605537754511276
Miami Heat,Brooklyn Nets,0.8553466979994908
Atlanta Hawks,Chicago Bulls,0.5300699901423787
Golden State Warriors,Charlotte Hornets,0.7099517678731687
Cleveland Cavaliers,Sacramento Kings,0.9016587679985171
Dallas Mavericks,New York Knicks,0.7181433362539059
Toronto Raptors,Memphis Grizzlies,0.7240703214779194
Milwaukee Bucks,Philadelphia 76ers,0.7611038814774986
Oklahoma City Thunder,New Orleans Pelicans,0.8677055862813112
Portland Trail Blazers,Los Angeles Lakers,0.8766312357341685
Denver Nuggets,Phoenix Suns,0.6006950106293188
Indiana Pacers,Minnesota Timberwolves,0.6963981155347806
Oklahoma City Thunder,Dallas Mavericks,0.8361892838106275
Utah Jazz,Los Angeles Lakers,0.8482047267605611
Atlanta Hawks,Washington Wizards,0.7110424637680723
Boston Celtics,Orlando Magic,0.7599874462524462
Miami Heat,Chicago Bulls,0.5274457383891
Cleveland Cavaliers,Brooklyn Nets,0.9526471322813412
Indiana Pacers,Sacramento Kings,0.726254024597
San Antonio Spurs,New Orleans Pelicans,0.8861820867342944
Charlotte Hornets,New York Knicks,0.7184107879127125
Houston Rockets,Philadelphia 76ers,0.9100689936017193
Portland Trail Blazers,Memphis Grizzlies,0.6905801428833843
Toronto Raptors,Milwaukee Bucks,0.8588697125836581
Charlotte Hornets,Sacramento Kings,0.7628786851014211
Golden State Warriors,Los Angeles Clippers,0.8651936213928735
Miami Heat,Detroit Pistons,0.665242529042751
Boston Celtics,Milwaukee Bucks,0.7367983854736566
Minnesota Timberwolves,Brooklyn Nets,0.6424185035245448
Denver Nuggets,Phoenix Suns,0.7007043073594887
Utah Jazz,Memphis Grizzlies,0.6370339743157898
Atlanta Hawks,New York Knicks,0.8174671899939744
Chicago Bulls,Philadelphia 76ers,0.8794179379777544
Cleveland Cavaliers,Oklahoma City Thunder,0.6541023964948618
Indiana Pacers,Houston Rockets,0.6141149605765083
Washington Wizards,New Orleans Pelicans,0.6559111679051338
Golden State Warriors,Portland Trail Blazers,0.7539121949250512
San Antonio Spurs,Dallas Mavericks,0.9083280588297614
Toronto Raptors,Orlando Magic,0.8366909420695112
Boston Celtics,Detroit Pistons,0.6508791685925887
Cleveland Cavaliers,Dallas Mavericks,0.6867261338808488
Miami Heat,Brooklyn Nets,0.883549754518729
Orlando Magic,Minnesota Timberwolves,0.5558057022269034
Sacramento Kings,Philadelphia 76ers,0.858564861842587
Memphis Grizzlies,Phoenix Suns,0.7237554095613974
Houston Rockets,Sacramento Kings,0.6501734523966409
Denver Nuggets,Los Angeles Lakers,0.7729056159156111
Portland Trail Blazers,Charlotte Hornets,0.5406248764568005
San Antonio Spurs,Oklahoma City Thunder,0.7344408399925056
Toronto Raptors,New Orleans Pelicans,0.8707616631649507
Washington Wizards,New York Knicks,0.7131415033577214
Boston Celtics,Toronto Raptors,0.5008197326427409
New York Knicks,Brooklyn Nets,0.6901993889563813
Cleveland Cavaliers,Minnesota Timberwolves,0.9049332913588279
Dallas Mavericks,Philadelphia 76ers,0.886550296508747
Memphis Grizzlies,Denver Nuggets,0.5795176867316812
Detroit Pistons,New Orleans Pelicans,0.7157020720001526
Golden State Warriors,Charlotte Hornets,0.8821686830080684
Miami Heat,Atlanta Hawks,0.6247749928908805
Oklahoma City Thunder,Chicago Bulls,0.8482697027006775
Indiana Pacers,Orlando Magic,0.6146982032199977
Los Angeles Clippers,Phoenix Suns,0.8528531912273598
Utah Jazz,Milwaukee Bucks,0.7009204465060954
Atlanta Hawks,Houston Rockets,0.5277194588656764
Golden State Warriors,Los Angeles Clippers,0.6433902141919112
San Antonio Spurs,Philadelphia 76ers,0.9815216642910057
Washington Wizards,Los Angeles Lakers,0.8417964753384275
Boston Celtics,Los Angeles Lakers,0.899676803810022
Indiana Pacers,Brooklyn Nets,0.8438505730368016
Milwaukee Bucks,Denver Nuggets,0.5079050228316406
Detroit Pistons,Minnesota Timberwolves,0.6706309397482032
Houston Rockets,Chicago Bulls,0.6006557584890414
Oklahoma City Thunder,Memphis Grizzlies,0.8571038644082104
Toronto Raptors,Orlando Magic,0.7330962137875933
Portland Trail Blazers,Dallas Mavericks,0.6551004263232751
Sacramento Kings,Phoenix Suns,0.6359786016300268
Atlanta Hawks,Orlando Magic,0.7719258996326641
Indiana Pacers,Detroit Pistons,0.6039104435973646
Miami Heat,Philadelphia 76ers,0.9319616859269444
Memphis Grizzlies,Minnesota Timberwolves,0.5844830281381009
Cleveland Cavaliers,New York Knicks,0.8347448826619426
Milwaukee Bucks,Phoenix Suns,0.6623973059628352
Golden State Warriors,Sacramento Kings,0.8902818944674392
San Antonio Spurs,Denver Nuggets,0.9287205481102492
Charlotte Hornets,Utah Jazz,0.5193554862389982
Washington Wizards,New Orleans Pelicans,0.711879057987043
Boston Celtics,Los Angeles Clippers,0.5601013280449026
Toronto Raptors,Brooklyn Nets,0.9029504690855078
Oklahoma City Thunder,Portland Trail Blazers,0.6887439826306805
Atlanta Hawks,Utah Jazz,0.6970974945060342
Dallas Mavericks,Denver Nuggets,0.618241611050782
Detroit Pistons,Philadelphia 76ers,0.8859589446400932
Oklahoma City Thunder,Indiana Pacers,0.6463360407957368
San Antonio Spurs,Memphis Grizzlies,0.8236642755877706
Miami Heat,Minnesota Timberwolves,0.7150847405838374
New Orleans Pelicans,Phoenix Suns,0.5709548747217187
New York Knicks,Los Angeles Lakers,0.7029651274015924
Chicago Bulls,Sacramento Kings,0.5600956722750765
Toronto Raptors,Los Angeles Clippers,0.6732173373925324
Cleveland Cavaliers,Washington Wizards,0.6919896272088802
Charlotte Hornets,Brooklyn Nets,0.8759203608621036
Portland Trail Blazers,Dallas Mavericks,0.6127833577872404
Houston Rockets,Orlando Magic,0.6446473585312373
Atlanta Hawks,Denver Nuggets,0.7711265514265055
Washington Wizards,Brooklyn Nets,0.8021648530611272
Detroit Pistons,Los Angeles Lakers,0.8442727437250078
Golden State Warriors,Chicago Bulls,0.9297435443561419
Cleveland Cavaliers,Indiana Pacers,0.6197707143078329
Memphis Grizzlies,Phoenix Suns,0.689267556929344
Miami Heat,Milwaukee Bucks,0.7187120852385172
Toronto Raptors,Minnesota Timberwolves,0.7979431812580355
Utah Jazz,New Orleans Pelicans,0.6708569856336586
Los Angeles Clippers,New York Knicks,0.7484961226936169
San Antonio Spurs,Philadelphia 76ers,0.9721747729219228
Boston Celtics,Sacramento Kings,0.6987852846986466
Charlotte Hornets,Houston Rockets,0.6586919441537061
Dallas Mavericks,Utah Jazz,0.5669711296147784
Oklahoma City Thunder,Cleveland Cavaliers,0.6150104754052981
Orlando Magic,Philadelphia 76ers,0.8234230909434322
Portland Trail Blazers,Boston Celtics,0.5330806230796434
Miami Heat,Brooklyn Nets,0.8553466979994908
San Antonio Spurs,Detroit Pistons,0.7458540223168322
Golden State Warriors,Memphis Grizzlies,0.8646989038382321
Milwaukee Bucks,Los Angeles Lakers,0.6897601955670326
Minnesota Timberwolves,New Orleans Pelicans,0.5124331959250263
Denver Nuggets,New York Knicks,0.5458966707454432
Chicago Bulls,Phoenix Suns,0.7375965618996769
Atlanta Hawks,Sacramento Kings,0.6815144108240654
Washington Wizards,Indiana Pacers,0.5061447950416295
Charlotte Hornets,Los Angeles Clippers,0.5580571518758406
Cleveland Cavaliers,Denver Nuggets,0.8990804727490123
Dallas Mavericks,Orlando Magic,0.6581830395224347
Houston Rockets,Phoenix Suns,0.7698918783586561
Indiana Pacers,Milwaukee Bucks,0.754658421688311
Golden State Warriors,Oklahoma City Thunder,0.5326981061450793
Miami Heat,Philadelphia 76ers,0.9257854642100697
Boston Celtics,Utah Jazz,0.5269247021087327
Chicago Bulls,Minnesota Timberwolves,0.6014597936847347
San Antonio Spurs,New York Knicks,0.8705164516455679
Sacramento Kings,New Orleans Pelicans,0.5547160010158066
Toronto Raptors,Detroit Pistons,0.7510285689611373
Memphis Grizzlies,Brooklyn Nets,0.768197661618096
Charlotte Hornets,Philadelphia 76ers,0.9272428807730017
Boston Celtics,Dallas Mavericks,0.5329911834134008
Golden State Warriors,Denver Nuggets,0.9040635953773042
San Antonio Spurs,Indiana Pacers,0.6844875387638851
Miami Heat,Orlando Magic,0.7714382351505624
Detroit Pistons,Milwaukee Bucks,0.6838959360803485
New Orleans Pelicans,Phoenix Suns,0.6392751578346396
Portland Trail Blazers,Atlanta Hawks,0.5531227684959367
Los Angeles Clippers,Utah Jazz,0.5576119991200807
Oklahoma City Thunder,Washington Wizards,0.715822812966147
Toronto Raptors,Chicago Bulls,0.6371863041715173
Sacramento Kings,Los Angeles Lakers,0.7678209224651328
Cleveland Cavaliers,Minnesota Timberwolves,0.8408039656247814
Boston Celtics,Philadelphia 76ers,0.927800343239939
Milwaukee Bucks,Brooklyn Nets,0.7127936485968065
Cleveland Cavaliers,Indiana Pacers,0.8299871597811521
Minnesota Timberwolves,Denver Nuggets,0.5354523105303413
Detroit Pistons,Dallas Mavericks,0.5916996915483589
Golden State Warriors,Sacramento Kings,0.9423702941851282
Miami Heat,Houston Rockets,0.5250938410845463
Los Angeles Clippers,Atlanta Hawks,0.6776022258600385
Memphis Grizzlies,New Orleans Pelicans,0.6126556688398169
Oklahoma City Thunder,New York Knicks,0.8992167098971441
San Antonio Spurs,Orlando Magic,0.8301963614990084
Phoenix Suns,Los Angeles Lakers,0.5485735036355692
Toronto Raptors,Charlotte Hornets,0.7061562370598984
Portland Trail Blazers,Utah Jazz,0.6069890957833848
Boston Celtics,Chicago Bulls,0.5501323079805944
Indiana Pacers,Washington Wizards,0.653107035314553
Cleveland Cavaliers,New York Knicks,0.9221300874314001
Charlotte Hornets,Detroit Pistons,0.5268941378139084
Golden State Warriors,Los Angeles Clippers,0.8651936213928735
Houston Rockets,New Orleans Pelicans,0.6927926073410491
Portland Trail Blazers,Orlando Magic,0.7261730006839783
Denver Nuggets,Sacramento Kings,0.5146684031999351
Atlanta Hawks,Miami Heat,0.6278876517485016
Chicago Bulls,Phoenix Suns,0.7682163751900484
Denver Nuggets,Brooklyn Nets,0.6470933944399649
Indiana Pacers,Memphis Grizzlies,0.6972935054546062
San Antonio Spurs,Los Angeles Clippers,0.568713416121265
Utah Jazz,Milwaukee Bucks,0.6519753015891515
Dallas Mavericks,Minnesota Timberwolves,0.6230471151944598
Oklahoma City Thunder,Los Angeles Lakers,0.9502406373818346
Washington Wizards,Philadelphia 76ers,0.8953314711853377
Toronto Raptors,Boston Celtics,0.6998210509883352
Cleveland Cavaliers,Chicago Bulls,0.881236217239546
Dallas Mavericks,New Orleans Pelicans,0.7168941649140258
Golden State Warriors,Brooklyn Nets,0.9728851518536197
Houston Rockets,Minnesota Timberwolves,0.6586516677248232
Miami Heat,Indiana Pacers,0.6480326314862107
New York Knicks,Philadelphia 76ers,0.772274720073431
Atlanta Hawks,Orlando Magic,0.6382187583069316
Charlotte Hornets,Sacramento Kings,0.6923604152039338
Memphis Grizzlies,Denver Nuggets,0.5795176867316812
Boston Celtics,Detroit Pistons,0.5344510540856222
Los Angeles Clippers,Charlotte Hornets,0.6664865483458126
San Antonio Spurs,Los Angeles Lakers,0.9500844882469366
Milwaukee Bucks,Phoenix Suns,0.591477940537394
Oklahoma City Thunder,New Orleans Pelicans,0.8986567962486347
Toronto Raptors,Portland Trail Blazers,0.6270484959202401
Washington Wizards,Utah Jazz,0.5609267991467753
Boston Celtics,Atlanta Hawks,0.6096940281470299
Cleveland Cavaliers,Milwaukee Bucks,0.9140176053074729
Miami Heat,Dallas Mavericks,0.5102097989075676
Indiana Pacers,Houston Rockets,0.5026136669980552
Toronto Raptors,New York Knicks,0.7906589522311953
Golden State Warriors,Philadelphia 76ers,0.9795096480380263
Sacramento Kings,Minnesota Timberwolves,0.5018856984875921
Chicago Bulls,Denver Nuggets,0.6414411015628034
Portland Trail Blazers,Detroit Pistons,0.6141743575670583
Charlotte Hornets,Los Angeles Lakers,0.8783907494044683
Memphis Grizzlies,Phoenix Suns,0.689267556929344
Oklahoma City Thunder,Utah Jazz,0.8209482128851262
Golden State Warriors,Washington Wizards,0.8035829226525933
Atlanta Hawks,Dallas Mavericks,0.7192759148455594
Cleveland Cavaliers,Boston Celtics,0.5713729081456813
Los Angeles Clippers,Houston Rockets,0.723624278742602
Miami Heat,Philadelphia 76ers,0.9319616859269444
Denver Nuggets,Milwaukee Bucks,0.5613306644247011
Detroit Pistons,New Orleans Pelicans,0.7018377995644277
Orlando Magic,New York Knicks,0.6032453431131939
Sacramento Kings,Brooklyn Nets,0.6804580529732975
San Antonio Spurs,Indiana Pacers,0.8771470942914299
Toronto Raptors,Washington Wizards,0.7883560950743057
Utah Jazz,Minnesota Timberwolves,0.6772713022689916
Golden State Warriors,Chicago Bulls,0.8105071494134174
Charlotte Hornets,Phoenix Suns,0.83245695870241
Oklahoma City Thunder,Portland Trail Blazers,0.6535277336034309
Cleveland Cavaliers,Atlanta Hawks,0.5549885541366315
Dallas Mavericks,Memphis Grizzlies,0.6313843055833954
Boston Celtics,Los Angeles Lakers,0.8815949081793374
Los Angeles Clippers,Milwaukee Bucks,0.7600706567147841
San Antonio Spurs,New Orleans Pelicans,0.8861820867342944
Miami Heat,Orlando Magic,0.6357834732283004
New York Knicks,Philadelphia 76ers,0.8245620675015761
Oklahoma City Thunder,Phoenix Suns,0.916871668795312
Utah Jazz,Brooklyn Nets,0.816017432012921
Toronto Raptors,Washington Wizards,0.6268446186082727
Los Angeles Clippers,Chicago Bulls,0.5805126565243988
Charlotte Hornets,Denver Nuggets,0.7232755793916181
Houston Rockets,Memphis Grizzlies,0.6174042867172035
Cleveland Cavaliers,Miami Heat,0.5556720433439553
Toronto Raptors,Milwaukee Bucks,0.8008094762155689
Detroit Pistons,Philadelphia 76ers,0.9135154654968245
Portland Trail Blazers,Brooklyn Nets,0.8494014025527409
San Antonio Spurs,Minnesota Timberwolves,0.9329825256114217
Atlanta Hawks,Indiana Pacers,0.6486636816973673
Oklahoma City Thunder,Dallas Mavericks,0.7107963836481918
New Orleans Pelicans,Los Angeles Lakers,0.720381905520593
Golden State Warriors,New York Knicks,0.9019461707728026
Boston Celtics,Phoenix Suns,0.8366463086239592
Utah Jazz,Sacramento Kings,0.6082255376634862
Washington Wizards,Orlando Magic,0.6526318376162007
Golden State Warriors,Atlanta Hawks,0.6942894097322172
Charlotte Hornets,Indiana Pacers,0.6314100345379893
Cleveland Cavaliers,Miami Heat,0.8169070336277735
Sacramento Kings,Denver Nuggets,0.5447641331208146
Detroit Pistons,Chicago Bulls,0.6134759352581789
Los Angeles Clippers,Boston Celtics,0.6597082424917733
Memphis Grizzlies,Brooklyn Nets,0.7300000149272567
Orlando Magic,New York Knicks,0.6032453431131939
Milwaukee Bucks,Philadelphia 76ers,0.8396338798697753
San Antonio Spurs,Houston Rockets,0.8894255555012619
Utah Jazz,New Orleans Pelicans,0.7218106949906715
Dallas Mavericks,Los Angeles Lakers,0.8450424491079098
Oklahoma City Thunder,Portland Trail Blazers,0.6887439826306805
Washington Wizards,Phoenix Suns,0.7622191798044944
Atlanta Hawks,Brooklyn Nets,0.8838342354499392
Washington Wizards,Denver Nuggets,0.6277349117558879
Golden State Warriors,Boston Celtics,0.8789779196698275
Houston Rockets,Utah Jazz,0.5522804852696267
Indiana Pacers,Detroit Pistons,0.6039104435973646
Miami Heat,Charlotte Hornets,0.6128785073387188
Milwaukee Bucks,New York Knicks,0.509507181625326
Los Angeles Clippers,Minnesota Timberwolves,0.7567961752833265
Toronto Raptors,New Orleans Pelicans,0.8139209531832118
Chicago Bulls,Orlando Magic,0.5121105206955311
San Antonio Spurs,Sacramento Kings,0.9306000495101983
Cleveland Cavaliers,Detroit Pistons,0.6879867580008936
Los Angeles Clippers,Memphis Grizzlies,0.67402535004591
Oklahoma City Thunder,San Antonio Spurs,0.5455052467489979
Phoenix Suns,Los Angeles Lakers,0.5485735036355692
Portland Trail Blazers,Philadelphia 76ers,0.9105729722912892
Atlanta Hawks,Toronto Raptors,0.5174644500312082
Chicago Bulls,Houston Rockets,0.5248074763695972
Charlotte Hornets,Orlando Magic,0.7584715821677709
Dallas Mavericks,Brooklyn Nets,0.812332970856804
Boston Celtics,Denver Nuggets,0.7293072324139834
Indiana Pacers,Milwaukee Bucks,0.7001636113033595
Golden State Warriors,Minnesota Timberwolves,0.9058193122854372
Washington Wizards,Sacramento Kings,0.5921646834592174
Charlotte Hornets,New Orleans Pelicans,0.8050588927195959
Dallas Mavericks,Phoenix Suns,0.7802828918223833
Detroit Pistons,New York Knicks,0.7169544265584845
Los Angeles Clippers,Philadelphia 76ers,0.945325367563249
Atlanta Hawks,Memphis Grizzlies,0.627614178679001
Miami Heat,Toronto Raptors,0.516773298339157
Minnesota Timberwolves,Milwaukee Bucks,0.5449609646967719
Oklahoma City Thunder,Utah Jazz,0.8209482128851262
Cleveland Cavaliers,Orlando Magic,0.786023825445202
Portland Trail Blazers,Washington Wizards,0.6459113414212196
Denver Nuggets,Sacramento Kings,0.5146684031999351
San Antonio Spurs,Golden State Warriors,0.6300115808960062
Boston Celtics,Chicago Bulls,0.7241649360098622
New York Knicks,Brooklyn Nets,0.6901993889563813
Cleveland Cavaliers,Houston Rockets,0.6994063784724339
Indiana Pacers,Miami Heat,0.5635144680884362
Los Angeles Lakers,Philadelphia 76ers,0.545006372089016
Portland Trail Blazers,Phoenix Suns,0.8765712641110296
Charlotte Hornets,Chicago Bulls,0.7225054347642837
Denver Nuggets,Los Angeles Lakers,0.6978924199304933
Memphis Grizzlies,Milwaukee Bucks,0.5882444485934272
Washington Wizards,Minnesota Timberwolves,0.6324919516107737
Orlando Magic,Sacramento Kings,0.5135356285450283
San Antonio Spurs,Atlanta Hawks,0.8658961028045975
Toronto Raptors,Dallas Mavericks,0.7950216620024335
Los Angeles Clippers,Utah Jazz,0.5576119991200807
Oklahoma City Thunder,Brooklyn Nets,0.9331164628149194
Cleveland Cavaliers,Detroit Pistons,0.8404900830901584
Golden State Warriors,Philadelphia 76ers,0.9847966859312605
Portland Trail Blazers,New Orleans Pelicans,0.8085467328607295
Indiana Pacers,New York Knicks,0.6868896092422379
Boston Celtics,Minnesota Timberwolves,0.7710605349844218
Chicago Bulls,Memphis Grizzlies,0.6151734518148775
Detroit Pistons,Utah Jazz,0.5655303360187682
Houston Rockets,Los Angeles Lakers,0.8370745981528677
Indiana Pacers,Charlotte Hornets,0.5484644466872333
Los Angeles Clippers,Milwaukee Bucks,0.8349994421915116
Miami Heat,New Orleans Pelicans,0.8161307805649473
Sacramento Kings,Phoenix Suns,0.6946416956604353
San Antonio Spurs,Portland Trail Blazers,0.811149961855722
Washington Wizards,Dallas Mavericks,0.5871710254289036
Atlanta Hawks,Memphis Grizzlies,0.7506665525397674
Cleveland Cavaliers,Utah Jazz,0.8588632117396982
Los Angeles Clippers,Denver Nuggets,0.7530198406430458
Golden State Warriors,Orlando Magic,0.9410413755013339
New York Knicks,Brooklyn Nets,0.652594469765879
Toronto Raptors,Oklahoma City Thunder,0.5198264986251407
Boston Celtics,Brooklyn Nets,0.8662821748801802
Toronto Raptors,Detroit Pistons,0.622457038392829
Milwaukee Bucks,Los Angeles Lakers,0.7404162332205051
Miami Heat,Minnesota Timberwolves,0.7821344805938463
Houston Rockets,New Orleans Pelicans,0.6927926073410491
Dallas Mavericks,Philadelphia 76ers,0.8914825796073097
Orlando Magic,Phoenix Suns,0.699752433804199
Washington Wizards,Chicago Bulls,0.6090292065277757
Atlanta Hawks,Portland Trail Blazers,0.526221715944762
Chicago Bulls,Utah Jazz,0.5499467242064195
Charlotte Hornets,Washington Wizards,0.6954137342085294
Houston Rockets,Denver Nuggets,0.6660990234570752
Golden State Warriors,Milwaukee Bucks,0.9498970940987483
Los Angeles Clippers,Cleveland Cavaliers,0.5023233017512094
San Antonio Spurs,Memphis Grizzlies,0.8236642755877706
Oklahoma City Thunder,Sacramento Kings,0.8735477013321195
Dallas Mavericks,Brooklyn Nets,0.7956718717688798
Detroit Pistons,Phoenix Suns,0.7792755336204914
Cleveland Cavaliers,Los Angeles Lakers,0.9346443374063592
Miami Heat,Portland Trail Blazers,0.5255316064758334
Minnesota Timberwolves,New Orleans Pelicans,0.5657818095600277
Boston Celtics,Philadelphia 76ers,0.9318203794747442
San Antonio Spurs,Sacramento Kings,0.9306000495101983
Toronto Raptors,Indiana Pacers,0.7364819272749528
Boston Celtics,Washington Wizards,0.6971673439971404
Charlotte Hornets,Atlanta Hawks,0.6077189015725544
Houston Rockets,Denver Nuggets,0.6436078805880978
Indiana Pacers,Utah Jazz,0.6377903961495133
Los Angeles Clippers,New York Knicks,0.8493384204564354
Golden State Warriors,Oklahoma City Thunder,0.5326981061450793
Orlando Magic,Philadelphia 76ers,0.8234230909434322
Detroit Pistons,Brooklyn Nets,0.833525094083018
Golden State Warriors,Dallas Mavericks,0.7996743555459032
Los Angeles Clippers,Los Angeles Lakers,0.8939077797751824
Miami Heat,Phoenix Suns,0.8615898709069078
San Antonio Spurs,Minnesota Timberwolves,0.8754596490803261
Memphis Grizzlies,New Orleans Pelicans,0.6090706731086125
Portland Trail Blazers,Milwaukee Bucks,0.7487588915345451
Toronto Raptors,Chicago Bulls,0.8094461923203898
Boston Celtics,Indiana Pacers,0.6333378459943936
Chicago Bulls,Detroit Pistons,0.5141098483234374
Cleveland Cavaliers,Denver Nuggets,0.8380529228514406
Oklahoma City Thunder,Philadelphia 76ers,0.9647450944182168
Charlotte Hornets,Orlando Magic,0.6497815087595857
Sacramento Kings,Milwaukee Bucks,0.5294577737889647
Utah Jazz,New York Knicks,0.723046553481577
Atlanta Hawks,Washington Wizards,0.5189799901000722
Phoenix Suns,Brooklyn Nets,0.6151485720652516
Los Angeles Clippers,Dallas Mavericks,0.5636108665376958
Miami Heat,Toronto Raptors,0.516773298339157
Portland Trail Blazers,New York Knicks,0.7685147045161249
San Antonio Spurs,Memphis Grizzlies,0.9209035211125985
Boston Celtics,Phoenix Suns,0.8537996592079498
Chicago Bulls,Philadelphia 76ers,0.8794179379777544
Cleveland Cavaliers,Charlotte Hornets,0.5734025754945994
Golden State Warriors,Sacramento Kings,0.9423702941851282
Houston Rockets,New Orleans Pelicans,0.7046400918582593
Indiana Pacers,Denver Nuggets,0.7205025171856129
Minnesota Timberwolves,Los Angeles Lakers,0.7610705856446699
Atlanta Hawks,Milwaukee Bucks,0.720836348539035
Detroit Pistons,Orlando Magic,0.5964660527119661
Washington Wizards,Brooklyn Nets,0.8085570420080416
Cleveland Cavaliers,Washington Wizards,0.8667840344283584
Toronto Raptors,Dallas Mavericks,0.6210774765641551
Los Angeles Clippers,Utah Jazz,0.7433884102913212
Portland Trail Blazers,Minnesota Timberwolves,0.7274214264877833
San Antonio Spurs,New York Knicks,0.9454115155217412
Atlanta Hawks,Brooklyn Nets,0.8838342354499392
Boston Celtics,Miami Heat,0.6121973531574343
Charlotte Hornets,Phoenix Suns,0.852761502384267
Denver Nuggets,New Orleans Pelicans,0.5175311995851266
Golden State Warriors,Memphis Grizzlies,0.9342020222959672
Oklahoma City Thunder,Houston Rockets,0.7228954847792595
Indiana Pacers,Philadelphia 76ers,0.9131137694179213
Los Angeles Clippers,Sacramento Kings,0.8135990508986704
Portland Trail Blazers,Los Angeles Lakers,0.9116935944857638
Chicago Bulls,Milwaukee Bucks,0.6057361491549726
Oklahoma City Thunder,Dallas Mavericks,0.7107963836481918
Detroit Pistons,New York Knicks,0.6702409385489808
Memphis Grizzlies,Sacramento Kings,0.5426965942590891
San Antonio Spurs,Cleveland Cavaliers,0.756146780797068
Toronto Raptors,Orlando Magic,0.8366909420695112
Utah Jazz,New Orleans Pelicans,0.7218106949906715
Atlanta Hawks,Phoenix Suns,0.8619196146551001
Brooklyn Nets,Philadelphia 76ers,0.5792404418803804
Charlotte Hornets,Milwaukee Bucks,0.7885890809644452
Miami Heat,Detroit Pistons,0.5116756376570719
Golden State Warriors,Houston Rockets,0.8090540340229281
Indiana Pacers,Minnesota Timberwolves,0.7336437594021463
Washington Wizards,Los Angeles Lakers,0.8233225204661145
Portland Trail Blazers,Denver Nuggets,0.7140928297637891
Boston Celtics,Milwaukee Bucks,0.7899682664190529
Los Angeles Clippers,Washington Wizards,0.7559483498175539
Indiana Pacers,Memphis Grizzlies,0.6038321474149578
Dallas Mavericks,New Orleans Pelicans,0.6467320352265228
Miami Heat,New York Knicks,0.7059143338402445
Oklahoma City Thunder,Orlando Magic,0.8046350779388657
Atlanta Hawks,Philadelphia 76ers,0.9265058377127626
Utah Jazz,Sacramento Kings,0.6082255376634862
San Antonio Spurs,Golden State Warriors,0.6300115808960062
Toronto Raptors,Charlotte Hornets,0.7061562370598984
Cleveland Cavaliers,Chicago Bulls,0.701385942635603
Detroit Pistons,Brooklyn Nets,0.8114370455143578
Minnesota Timberwolves,Los Angeles Lakers,0.6935717937025497
Los Angeles Clippers,Phoenix Suns,0.8528531912273598
Portland Trail Blazers,Houston Rockets,0.6065976423178518
Boston Celtics,Orlando Magic,0.7599874462524462
Charlotte Hornets,Denver Nuggets,0.7576398845780223
Cleveland Cavaliers,Philadelphia 76ers,0.9732043468007097
Golden State Warriors,Houston Rockets,0.9074847698998986
Dallas Mavericks,Memphis Grizzlies,0.5234218340092087
Miami Heat,New York Knicks,0.8170538231858924
Detroit Pistons,Milwaukee Bucks,0.6838959360803485
Sacramento Kings,New Orleans Pelicans,0.5749682606516289
Oklahoma City Thunder,San Antonio Spurs,0.5455052467489979
Toronto Raptors,Indiana Pacers,0.7364819272749528
Utah Jazz,Washington Wizards,0.5892330511997367
Orlando Magic,Brooklyn Nets,0.7467048288641078
Atlanta Hawks,Chicago Bulls,0.5300699901423787
Los Angeles Clippers,Los Angeles Lakers,0.9234651390107969
Sacramento Kings,Minnesota Timberwolves,0.5498210675895876
Portland Trail Blazers,Phoenix Suns,0.822297070374274
Atlanta Hawks,Brooklyn Nets,0.8566449224711082
Cleveland Cavaliers,Indiana Pacers,0.8299871597811521
Golden State Warriors,Washington Wizards,0.9206627191735175
Memphis Grizzlies,Los Angeles Lakers,0.7920462510194647
Miami Heat,Denver Nuggets,0.7706376856313675
Dallas Mavericks,Milwaukee Bucks,0.6272353960309338
Chicago Bulls,New Orleans Pelicans,0.6256862115212568
Boston Celtics,New York Knicks,0.7245080883366313
Oklahoma City Thunder,Charlotte Hornets,0.7597787063114316
Houston Rockets,Phoenix Suns,0.7913309777713902
San Antonio Spurs,Utah Jazz,0.8989880399328585
Toronto Raptors,Philadelphia 76ers,0.9541121512931585
Cleveland Cavaliers,Orlando Magic,0.8994911844703869
Golden State Warriors,Minnesota Timberwolves,0.9443728553078823
Toronto Raptors,Indiana Pacers,0.5492996561968726
Denver Nuggets,New Orleans Pelicans,0.5819770409262589
Chicago Bulls,New York Knicks,0.5907253719398011
Oklahoma City Thunder,Milwaukee Bucks,0.8890044473788342
Brooklyn Nets,Philadelphia 76ers,0.7345041772241226
Dallas Mavericks,Sacramento Kings,0.5823677791568941
San Antonio Spurs,Memphis Grizzlies,0.9209035211125985
Portland Trail Blazers,Utah Jazz,0.6069890957833848
Charlotte Hornets,Washington Wizards,0.5315565058930214
Cleveland Cavaliers,Boston Celtics,0.5713729081456813
Charlotte Hornets,Miami Heat,0.6102267960062137
Toronto Raptors,Detroit Pistons,0.622457038392829
Houston Rockets,Denver Nuggets,0.6436078805880978
Los Angeles Clippers,Dallas Mavericks,0.763328163551114
Oklahoma City Thunder,Memphis Grizzlies,0.7973597003716248
Golden State Warriors,Phoenix Suns,0.9471293472514909
San Antonio Spurs,Los Angeles Lakers,0.9737314327961789
Atlanta Hawks,Boston Celtics,0.6063161942658613
Indiana Pacers,Milwaukee Bucks,0.754658421688311
Washington Wizards,New York Knicks,0.6220681601052
Orlando Magic,Brooklyn Nets,0.7209092794248363
Chicago Bulls,Philadelphia 76ers,0.8823655556637271
Portland Trail Blazers,Minnesota Timberwolves,0.7274214264877833
Cleveland Cavaliers,Atlanta Hawks,0.8153265217684093
San Antonio Spurs,Dallas Mavericks,0.7447404531523802
Denver Nuggets,New Orleans Pelicans,0.5175311995851266
Houston Rockets,Detroit Pistons,0.5164660509761492
Sacramento Kings,Los Angeles Lakers,0.7678209224651328
Memphis Grizzlies,New York Knicks,0.6141172082388702
Oklahoma City Thunder,Phoenix Suns,0.916871668795312
Toronto Raptors,Miami Heat,0.7186465089398515
Utah Jazz,Minnesota Timberwolves,0.6772713022689916
Chicago Bulls,Brooklyn Nets,0.7804874187974656
Charlotte Hornets,Boston Celtics,0.5883028282536406
Golden State Warriors,New Orleans Pelicans,0.9545249922073944
Indiana Pacers,Orlando Magic,0.6146982032199977
Milwaukee Bucks,Philadelphia 76ers,0.8396338798697753
Portland Trail Blazers,Utah Jazz,0.6304567569006218
San Antonio Spurs,Los Angeles Clippers,0.8403315600560628
Miami Heat,Washington Wizards,0.5163503148593873
Cleveland Cavaliers,Atlanta Hawks,0.5549885541366315
Oklahoma City Thunder,Denver Nuggets,0.8529851926001049
Minnesota Timberwolves,Los Angeles Lakers,0.7610705856446699
Detroit Pistons,Memphis Grizzlies,0.5854325948547263
Toronto Raptors,New York Knicks,0.7906589522311953
Dallas Mavericks,Phoenix Suns,0.7548158933607985
Houston Rockets,Sacramento Kings,0.6320458110450036
Boston Celtics,Brooklyn Nets,0.8768188151602236
Chicago Bulls,Orlando Magic,0.6424833887214716
Detroit Pistons,Washington Wizards,0.5818995039022598
Golden State Warriors,Utah Jazz,0.91563363317465
Los Angeles Clippers,Houston Rockets,0.723624278742602
Cleveland Cavaliers,Miami Heat,0.5556720433439553
Charlotte Hornets,Milwaukee Bucks,0.7308720558624308
Indiana Pacers,Philadelphia 76ers,0.9193595938097258
San Antonio Spurs,Portland Trail Blazers,0.6912739947573248
Atlanta Hawks,Charlotte Hornets,0.6135349980074711
Dallas Mavericks,Denver Nuggets,0.6571620988792691
New Orleans Pelicans,Los Angeles Lakers,0.720381905520593
Oklahoma City Thunder,Minnesota Timberwolves,0.8555263052851527
Sacramento Kings,Phoenix Suns,0.6359786016300268
Boston Celtics,Milwaukee Bucks,0.7899682664190529
Chicago Bulls,Brooklyn Nets,0.8015790015677259
Cleveland Cavaliers,Toronto Raptors,0.7392843088238586
Golden State Warriors,Los Angeles Lakers,0.9783567163092106
Houston Rockets,Minnesota Timberwolves,0.6586516677248232
Indiana Pacers,Atlanta Hawks,0.5609222766663269
Los Angeles Clippers,Sacramento Kings,0.8135990508986704
Dallas Mavericks,Memphis Grizzlies,0.5234218340092087
Miami Heat,Washington Wizards,0.7104734459425596
New York Knicks,Philadelphia 76ers,0.772274720073431
Oklahoma City Thunder,Denver Nuggets,0.8703383792685135
Detroit Pistons,Orlando Magic,0.5964660527119661
Portland Trail Blazers,New Orleans Pelicans,0.7674164748117083
San Antonio Spurs,Utah Jazz,0.7400832434832012
